Scan #,Time,Uniaxial Gage 1 on S1-Ch2 microstrain,Uniaxial Gage 2 on S1-Ch1 microstrain,Load on S1-Ch3 kN
11,1100000,-14,5,0.0310
12,1200000,-14,5,0.0310
13,1300000,-14,5,0.0310
14,1400000,-14,5,0.0310
15,1500000,-14,5,0.0320
16,1600000,-14,5,0.0320
17,1700000,-14,5,0.0300
18,1800000,-14,5,0.0310
19,1900000,-14,5,0.0310
20,2000000,-14,5,0.0310
21,2100000,-14,5,0.0320
22,2200000,-14,5,0.0310
23,2300000,-14,5,0.0310
24,2400000,-14,5,0.0310
25,2500000,-14,5,0.0300
26,2600000,-14,5,0.0310
27,2700000,-14,5,0.0310
28,2800000,-14,5,0.0310
29,2900000,-14,5,0.0300
30,3000000,-14,5,0.0310
31,3100000,-14,5,0.0310
32,3200000,-14,5,0.0310
33,3300000,-14,5,0.0320
34,3400000,-14,5,0.0320
35,3500000,-14,5,0.0310
36,3600000,-14,5,0.0320
37,3700000,-14,5,0.0320
38,3800000,-14,5,0.0320
39,3900000,-14,5,0.0320
40,4000000,-14,5,0.0320
41,4100000,-14,5,0.0320
42,4200000,-14,5,0.0320
43,4300000,-14,5,0.0320
44,4400000,-14,5,0.0320
45,4500000,-14,5,0.0310
46,4600000,-14,5,0.0310
47,4700000,-14,5,0.0310
48,4800000,-14,5,0.0310
49,4900000,-14,5,0.0320
50,5000000,-14,5,0.0310
51,5100000,-14,5,0.0310
52,5200000,-14,5,0.0310
53,5300000,-14,5,0.0310
54,5400000,-14,5,0.0310
55,5500000,-14,5,0.0300
56,5600000,-14,5,0.0310
57,5700000,-14,5,0.0310
58,5800000,-14,5,0.0310
59,5900000,-14,5,0.0310
60,6000000,-14,5,0.0310
61,6100000,-14,5,0.0320
62,6200000,-14,5,0.0320
63,6300000,-14,5,0.0320
64,6400000,-14,5,0.0310
65,6500000,-14,5,0.0300
66,6600000,-14,6,0.0320
67,6700000,-14,6,0.0320
68,6800000,-14,6,0.0320
69,6900000,-14,5,0.0320
70,7000000,-14,5,0.0310
71,7100000,-14,5,0.0310
72,7200000,-14,5,0.0310
73,7300000,-14,6,0.0320
74,7400000,-14,6,0.0310
75,7500000,-14,5,0.0320
76,7600000,-14,6,0.0320
77,7700000,-14,6,0.0320
78,7800000,-14,5,0.0310
79,7900000,-14,6,0.0320
80,8000000,-14,6,0.0320
81,8100000,-14,6,0.0320
82,8200000,-14,6,0.0320
83,8300000,-14,5,0.0320
84,8400000,-14,6,0.0320
85,8500000,-14,6,0.0310
86,8600000,-14,5,0.0320
87,8700000,-14,6,0.0320
88,8800000,-14,6,0.0320
89,8900000,-14,6,0.0320
90,9000000,-14,6,0.0320
91,9100000,-14,6,0.0310
92,9200000,-14,6,0.0320
93,9300000,-14,6,0.0320
94,9400000,-14,6,0.0320
95,9500000,-14,6,0.0320
96,9600000,-15,6,0.0310
97,9700000,-15,6,0.0300
98,9800000,-15,6,0.0320
99,9900000,-15,6,0.0310
100,10000000,-15,6,0.0300
101,10100000,-15,6,0.0320
102,10200000,-15,6,0.0310
103,10300000,-15,6,0.0320
104,10400000,-15,6,0.0320
105,10500000,-15,6,0.0320
106,10600000,-15,6,0.0310
107,10700000,-15,6,0.0320
108,10800000,-15,6,0.0320
109,10900000,-15,6,0.0310
110,11000000,-15,6,0.0310
111,11100000,-15,6,0.0310
112,11200000,-15,6,0.0320
113,11300000,-15,6,0.0280
114,11400000,-16,5,0.0100
115,11500000,-15,3,0.0020
116,11600000,-13,1,-0.0070
117,11700000,-11,-1,-0.0120
118,11800000,-9,-4,-0.0110
119,11900000,-6,-7,-0.0120
120,12000000,-3,-10,-0.0120
121,12100000,-1,-12,-0.0120
122,12200000,1,-15,-0.0150
123,12300000,0,-19,-0.0250
124,12400000,-4,-24,-0.0370
125,12500000,-9,-29,-0.0540
126,12600000,-14,-35,-0.0700
127,12700000,-22,-43,-0.0940
128,12800000,-28,-51,-0.1180
129,12900000,-33,-56,-0.1320
130,13000000,-40,-63,-0.1570
131,13100000,-47,-72,-0.1800
132,13200000,-52,-77,-0.1970
133,13300000,-62,-89,-0.2330
134,13400000,-69,-96,-0.2550
135,13500000,-76,-105,-0.2810
136,13600000,-85,-114,-0.3080
137,13700000,-91,-121,-0.3310
138,13800000,-100,-131,-0.3610
139,13900000,-112,-143,-0.3990
140,14000000,-130,-162,-0.4590
141,14100000,-152,-186,-0.5350
142,14200000,-170,-204,-0.5900
143,14300000,-183,-218,-0.6340
144,14400000,-198,-234,-0.6800
145,14500000,-214,-251,-0.7350
146,14600000,-233,-272,-0.7990
147,14700000,-250,-291,-0.8560
148,14800000,-263,-304,-0.8940
149,14900000,-277,-319,-0.9380
150,15000000,-293,-336,-0.9930
151,15100000,-315,-360,-1.0680
152,15200000,-340,-388,-1.1490
153,15300000,-361,-410,-1.2160
154,15400000,-378,-429,-1.2750
155,15500000,-394,-446,-1.3250
156,15600000,-407,-460,-1.3680
157,15700000,-425,-479,-1.4260
158,15800000,-443,-499,-1.4890
159,15900000,-464,-522,-1.5580
160,16000000,-483,-542,-1.6170
161,16100000,-499,-559,-1.6690
162,16200000,-514,-575,-1.7190
163,16300000,-531,-592,-1.7720
164,16400000,-546,-609,-1.8200
165,16500000,-563,-626,-1.8750
166,16600000,-580,-644,-1.9320
167,16700000,-600,-665,-1.9970
168,16800000,-619,-685,-2.0570
169,16900000,-636,-703,-2.1120
170,17000000,-651,-719,-2.1610
171,17100000,-666,-734,-2.2100
172,17200000,-682,-750,-2.2590
173,17300000,-695,-764,-2.2970
174,17400000,-707,-776,-2.3370
175,17500000,-723,-792,-2.3890
176,17600000,-742,-813,-2.4530
177,17700000,-761,-834,-2.5140
178,17800000,-775,-848,-2.5570
179,17900000,-787,-861,-2.5990
180,18000000,-801,-876,-2.6460
181,18100000,-821,-897,-2.7080
182,18200000,-837,-915,-2.7590
183,18300000,-848,-926,-2.7930
184,18400000,-862,-941,-2.8400
185,18500000,-882,-962,-2.9040
186,18600000,-900,-982,-2.9620
187,18700000,-911,-995,-3.0000
188,18800000,-929,"-1,014",-3.0610
189,18900000,-946,"-1,033",-3.1170
190,19000000,-959,"-1,047",-3.1580
191,19100000,-975,"-1,064",-3.2080
192,19200000,-993,"-1,084",-3.2690
193,19300000,"-1,005","-1,098",-3.3120
194,19400000,"-1,019","-1,112",-3.3550
195,19500000,"-1,033","-1,128",-3.4010
196,19600000,"-1,048","-1,145",-3.4510
197,19700000,"-1,063","-1,161",-3.5010
198,19800000,"-1,077","-1,177",-3.5480
199,19900000,"-1,089","-1,190",-3.5890
200,20000000,"-1,104","-1,207",-3.6370
201,20100000,"-1,118","-1,223",-3.6830
202,20200000,"-1,141","-1,247",-3.7550
203,20300000,"-1,165","-1,275",-3.8380
204,20400000,"-1,173","-1,284",-3.8650
205,20500000,"-1,186","-1,299",-3.9090
206,20600000,"-1,199","-1,312",-3.9490
207,20700000,"-1,212","-1,326",-3.9910
208,20800000,"-1,226","-1,342",-4.0410
209,20900000,"-1,239","-1,356",-4.0820
210,21000000,"-1,253","-1,372",-4.1290
211,21100000,"-1,267","-1,387",-4.1720
212,21200000,"-1,282","-1,404",-4.2230
213,21300000,"-1,296","-1,420",-4.2710
214,21400000,"-1,314","-1,440",-4.3300
215,21500000,"-1,328","-1,456",-4.3780
216,21600000,"-1,342","-1,472",-4.4220
217,21700000,"-1,354","-1,485",-4.4630
218,21800000,"-1,366","-1,498",-4.5030
219,21900000,"-1,385","-1,520",-4.5660
220,22000000,"-1,408","-1,546",-4.6400
221,22100000,"-1,420","-1,560",-4.6770
222,22200000,"-1,433","-1,573",-4.7190
223,22300000,"-1,447","-1,588",-4.7650
224,22400000,"-1,461","-1,605",-4.8130
225,22500000,"-1,473","-1,618",-4.8530
226,22600000,"-1,487","-1,634",-4.8980
227,22700000,"-1,506","-1,655",-4.9630
228,22800000,"-1,521","-1,672",-5.0110
229,22900000,"-1,531","-1,683",-5.0430
230,23000000,"-1,543","-1,695",-5.0790
231,23100000,"-1,558","-1,712",-5.1280
232,23200000,"-1,573","-1,729",-5.1810
233,23300000,"-1,589","-1,747",-5.2310
234,23400000,"-1,604","-1,765",-5.2820
235,23500000,"-1,622","-1,785",-5.3420
236,23600000,"-1,640","-1,805",-5.3980
237,23700000,"-1,653","-1,819",-5.4410
238,23800000,"-1,663","-1,830",-5.4720
239,23900000,"-1,675","-1,844",-5.5120
240,24000000,"-1,690","-1,860",-5.5580
241,24100000,"-1,705","-1,878",-5.6110
242,24200000,"-1,716","-1,890",-5.6470
243,24300000,"-1,729","-1,904",-5.6900
244,24400000,"-1,753","-1,931",-5.7680
245,24500000,"-1,770","-1,951",-5.8260
246,24600000,"-1,783","-1,966",-5.8690
247,24700000,"-1,795","-1,978",-5.9050
248,24800000,"-1,808","-1,994",-5.9490
249,24900000,"-1,824","-2,011",-6.0000
250,25000000,"-1,837","-2,025",-6.0400
251,25100000,"-1,852","-2,043",-6.0910
252,25200000,"-1,865","-2,057",-6.1350
253,25300000,"-1,876","-2,069",-6.1690
254,25400000,"-1,893","-2,088",-6.2250
255,25500000,"-1,907","-2,104",-6.2700
256,25600000,"-1,920","-2,119",-6.3120
257,25700000,"-1,936","-2,137",-6.3650
258,25800000,"-1,951","-2,153",-6.4120
259,25900000,"-1,967","-2,173",-6.4670
260,26000000,"-1,990","-2,198",-6.5370
261,26100000,"-2,002","-2,212",-6.5750
262,26200000,"-2,012","-2,223",-6.6090
263,26300000,"-2,024","-2,236",-6.6470
264,26400000,"-2,038","-2,252",-6.6930
265,26500000,"-2,055","-2,272",-6.7480
266,26600000,"-2,075","-2,294",-6.8120
267,26700000,"-2,093","-2,315",-6.8720
268,26800000,"-2,105","-2,328",-6.9090
269,26900000,"-2,118","-2,341",-6.9490
270,27000000,"-2,130","-2,355",-6.9880
271,27100000,"-2,144","-2,371",-7.0330
272,27200000,"-2,158","-2,386",-7.0790
273,27300000,"-2,171","-2,401",-7.1220
274,27400000,"-2,187","-2,419",-7.1740
275,27500000,"-2,207","-2,443",-7.2380
276,27600000,"-2,221","-2,458",-7.2810
277,27700000,"-2,231","-2,468",-7.3140
278,27800000,"-2,243","-2,482",-7.3520
279,27900000,"-2,256","-2,497",-7.3920
280,28000000,"-2,272","-2,515",-7.4430
281,28100000,"-2,286","-2,531",-7.4880
282,28200000,"-2,301","-2,548",-7.5380
283,28300000,"-2,324","-2,574",-7.6110
284,28400000,"-2,337","-2,590",-7.6560
285,28500000,"-2,347","-2,600",-7.6860
286,28600000,"-2,359","-2,613",-7.7240
287,28700000,"-2,371","-2,627",-7.7640
288,28800000,"-2,389","-2,647",-7.8190
289,28900000,"-2,404","-2,664",-7.8680
290,29000000,"-2,422","-2,684",-7.9250
291,29100000,"-2,440","-2,705",-7.9840
292,29200000,"-2,454","-2,721",-8.0290
293,29300000,"-2,467","-2,735",-8.0700
294,29400000,"-2,480","-2,750",-8.1130
295,29500000,"-2,495","-2,768",-8.1620
296,29600000,"-2,510","-2,784",-8.2090
297,29700000,"-2,523","-2,798",-8.2480
298,29800000,"-2,538","-2,816",-8.2980
299,29900000,"-2,553","-2,833",-8.3450
300,30000000,"-2,567","-2,848",-8.3880
301,30100000,"-2,579","-2,862",-8.4260
302,30200000,"-2,593","-2,879",-8.4720
303,30300000,"-2,608","-2,894",-8.5170
304,30400000,"-2,620","-2,908",-8.5560
305,30500000,"-2,635","-2,925",-8.6050
306,30600000,"-2,652","-2,944",-8.6580
307,30700000,"-2,668","-2,963",-8.7100
308,30800000,"-2,683","-2,981",-8.7580
309,30900000,"-2,699","-2,998",-8.8070
310,31000000,"-2,711","-3,012",-8.8460
311,31100000,"-2,724","-3,027",-8.8880
312,31200000,"-2,737","-3,041",-8.9280
313,31300000,"-2,753","-3,058",-8.9770
314,31400000,"-2,774","-3,083",-9.0480
315,31500000,"-2,787","-3,099",-9.0900
316,31600000,"-2,802","-3,115",-9.1350
317,31700000,"-2,818","-3,133",-9.1840
318,31800000,"-2,830","-3,147",-9.2230
319,31900000,"-2,842","-3,160",-9.2590
320,32000000,"-2,853","-3,172",-9.2940
321,32100000,"-2,864","-3,185",-9.3300
322,32200000,"-2,881","-3,204",-9.3830
323,32300000,"-2,904","-3,231",-9.4580
324,32400000,"-2,916","-3,245",-9.4970
325,32500000,"-2,929","-3,258",-9.5360
326,32600000,"-2,945","-3,277",-9.5890
327,32700000,"-2,960","-3,294",-9.6350
328,32800000,"-2,977","-3,315",-9.6910
329,32900000,"-2,999","-3,340",-9.7610
330,33000000,"-3,016","-3,359",-9.8140
331,33100000,"-3,026","-3,370",-9.8450
332,33200000,"-3,038","-3,383",-9.8840
333,33300000,"-3,050","-3,396",-9.9200
334,33400000,"-3,063","-3,411",-9.9630
335,33500000,"-3,081","-3,432",-10.0200
336,33600000,"-3,092","-3,444",-10.0530
337,33700000,"-3,106","-3,461",-10.0990
338,33800000,"-3,121","-3,478",-10.1450
339,33900000,"-3,135","-3,493",-10.1880
340,34000000,"-3,148","-3,509",-10.2300
341,34100000,"-3,162","-3,524",-10.2700
342,34200000,"-3,176","-3,540",-10.3130
343,34300000,"-3,191","-3,557",-10.3600
344,34400000,"-3,209","-3,578",-10.4170
345,34500000,"-3,226","-3,598",-10.4720
346,34600000,"-3,247","-3,623",-10.5390
347,34700000,"-3,258","-3,635",-10.5740
348,34800000,"-3,270","-3,648",-10.6110
349,34900000,"-3,285","-3,665",-10.6570
350,35000000,"-3,301","-3,684",-10.7080
351,35100000,"-3,313","-3,697",-10.7440
352,35200000,"-3,329","-3,716",-10.7960
353,35300000,"-3,344","-3,732",-10.8420
354,35400000,"-3,359","-3,750",-10.8890
355,35500000,"-3,372","-3,764",-10.9290
356,35600000,"-3,384","-3,778",-10.9660
357,35700000,"-3,400","-3,796",-11.0140
358,35800000,"-3,417","-3,816",-11.0700
359,35900000,"-3,431","-3,832",-11.1130
360,36000000,"-3,447","-3,851",-11.1630
361,36100000,"-3,467","-3,874",-11.2260
362,36200000,"-3,482","-3,891",-11.2700
363,36300000,"-3,495","-3,905",-11.3090
364,36400000,"-3,510","-3,922",-11.3570
365,36500000,"-3,524","-3,938",-11.4030
366,36600000,"-3,533","-3,949",-11.4300
367,36700000,"-3,543","-3,960",-11.4600
368,36800000,"-3,560","-3,980",-11.5150
369,36900000,"-3,577","-4,000",-11.5690
370,37000000,"-3,593","-4,017",-11.6180
371,37100000,"-3,607","-4,034",-11.6610
372,37200000,"-3,623","-4,053",-11.7130
373,37300000,"-3,634","-4,066",-11.7460
374,37400000,"-3,650","-4,083",-11.7950
375,37500000,"-3,665","-4,100",-11.8430
376,37600000,"-3,680","-4,117",-11.8890
377,37700000,"-3,698","-4,139",-11.9460
378,37800000,"-3,718","-4,163",-12.0090
379,37900000,"-3,729","-4,176",-12.0430
380,38000000,"-3,742","-4,189",-12.0810
381,38100000,"-3,756","-4,206",-12.1240
382,38200000,"-3,767","-4,217",-12.1530
383,38300000,"-3,780","-4,233",-12.1960
384,38400000,"-3,799","-4,255",-12.2540
385,38500000,"-3,814","-4,273",-12.3030
386,38600000,"-3,834","-4,296",-12.3640
387,38700000,"-3,849","-4,313",-12.4080
388,38800000,"-3,857","-4,321",-12.4330
389,38900000,"-3,871","-4,338",-12.4780
390,39000000,"-3,885","-4,354",-12.5210
391,39100000,"-3,898","-4,368",-12.5600
392,39200000,"-3,915","-4,389",-12.6120
393,39300000,"-3,932","-4,408",-12.6660
394,39400000,"-3,949","-4,428",-12.7180
395,39500000,"-3,963","-4,445",-12.7630
396,39600000,"-3,979","-4,463",-12.8120
397,39700000,"-3,991","-4,477",-12.8490
398,39800000,"-4,005","-4,493",-12.8910
399,39900000,"-4,020","-4,511",-12.9390
400,40000000,"-4,033","-4,525",-12.9760
401,40100000,"-4,047","-4,541",-13.0180
402,40200000,"-4,062","-4,559",-13.0630
403,40300000,"-4,074","-4,572",-13.1030
404,40400000,"-4,090","-4,591",-13.1520
405,40500000,"-4,105","-4,610",-13.2010
406,40600000,"-4,118","-4,624",-13.2400
407,40700000,"-4,134","-4,643",-13.2920
408,40800000,"-4,150","-4,661",-13.3390
409,40900000,"-4,165","-4,679",-13.3880
410,41000000,"-4,184","-4,702",-13.4450
411,41100000,"-4,197","-4,717",-13.4850
412,41200000,"-4,212","-4,733",-13.5270
413,41300000,"-4,226","-4,750",-13.5710
414,41400000,"-4,238","-4,764",-13.6080
415,41500000,"-4,254","-4,783",-13.6580
416,41600000,"-4,271","-4,803",-13.7130
417,41700000,"-4,283","-4,816",-13.7500
418,41800000,"-4,296","-4,831",-13.7860
419,41900000,"-4,311","-4,849",-13.8330
420,42000000,"-4,325","-4,864",-13.8750
421,42100000,"-4,338","-4,880",-13.9160
422,42200000,"-4,356","-4,902",-13.9720
423,42300000,"-4,367","-4,914",-14.0020
424,42400000,"-4,382","-4,931",-14.0440
425,42500000,"-4,398","-4,951",-14.0950
426,42600000,"-4,413","-4,968",-14.1430
427,42700000,"-4,429","-4,987",-14.1920
428,42800000,"-4,442","-5,003",-14.2340
429,42900000,"-4,459","-5,022",-14.2810
430,43000000,"-4,472","-5,038",-14.3240
431,43100000,"-4,490","-5,059",-14.3790
432,43200000,"-4,505","-5,076",-14.4250
433,43300000,"-4,524","-5,099",-14.4810
434,43400000,"-4,538","-5,116",-14.5250
435,43500000,"-4,546","-5,125",-14.5500
436,43600000,"-4,558","-5,138",-14.5860
437,43700000,"-4,568","-5,150",-14.6180
438,43800000,"-4,588","-5,173",-14.6780
439,43900000,"-4,606","-5,195",-14.7310
440,44000000,"-4,624","-5,216",-14.7880
441,44100000,"-4,640","-5,235",-14.8360
442,44200000,"-4,651","-5,248",-14.8680
443,44300000,"-4,662","-5,261",-14.9010
444,44400000,"-4,675","-5,275",-14.9370
445,44500000,"-4,687","-5,290",-14.9760
446,44600000,"-4,702","-5,308",-15.0240
447,44700000,"-4,722","-5,332",-15.0860
448,44800000,"-4,740","-5,353",-15.1410
449,44900000,"-4,755","-5,371",-15.1860
450,45000000,"-4,769","-5,387",-15.2280
451,45100000,"-4,778","-5,398",-15.2560
452,45200000,"-4,790","-5,412",-15.2930
453,45300000,"-4,806","-5,430",-15.3400
454,45400000,"-4,827","-5,457",-15.4050
455,45500000,"-4,842","-5,474",-15.4510
456,45600000,"-4,858","-5,493",-15.5010
457,45700000,"-4,875","-5,514",-15.5540
458,45800000,"-4,886","-5,526",-15.5840
459,45900000,"-4,897","-5,538",-15.6160
460,46000000,"-4,909","-5,552",-15.6520
461,46100000,"-4,923","-5,570",-15.6960
462,46200000,"-4,943","-5,594",-15.7580
463,46300000,"-4,959","-5,613",-15.8050
464,46400000,"-4,976","-5,633",-15.8550
465,46500000,"-4,990","-5,650",-15.8980
466,46600000,"-5,003","-5,666",-15.9370
467,46700000,"-5,015","-5,679",-15.9720
468,46800000,"-5,028","-5,696",-16.0130
469,46900000,"-5,042","-5,712",-16.0580
470,47000000,"-5,054","-5,726",-16.0920
471,47100000,"-5,070","-5,745",-16.1400
472,47200000,"-5,092","-5,772",-16.2070
473,47300000,"-5,108","-5,791",-16.2540
474,47400000,"-5,122","-5,808",-16.2970
475,47500000,"-5,135","-5,824",-16.3370
476,47600000,"-5,149","-5,840",-16.3780
477,47700000,"-5,161","-5,855",-16.4140
478,47800000,"-5,171","-5,866",-16.4460
479,47900000,"-5,194","-5,893",-16.5150
480,48000000,"-5,211","-5,916",-16.5690
481,48100000,"-5,223","-5,929",-16.6010
482,48200000,"-5,236","-5,945",-16.6420
483,48300000,"-5,248","-5,959",-16.6790
484,48400000,"-5,263","-5,977",-16.7240
485,48500000,"-5,277","-5,993",-16.7630
486,48600000,"-5,287","-6,005",-16.7920
487,48700000,"-5,304","-6,026",-16.8440
488,48800000,"-5,325","-6,052",-16.9110
489,48900000,"-5,339","-6,070",-16.9550
490,49000000,"-5,355","-6,088",-17.0010
491,49100000,"-5,366","-6,103",-17.0370
492,49200000,"-5,379","-6,118",-17.0730
493,49300000,"-5,393","-6,134",-17.1160
494,49400000,"-5,407","-6,151",-17.1600
495,49500000,"-5,424","-6,173",-17.2130
496,49600000,"-5,442","-6,195",-17.2650
497,49700000,"-5,459","-6,215",-17.3160
498,49800000,"-5,469","-6,228",-17.3490
499,49900000,"-5,482","-6,243",-17.3890
500,50000000,"-5,496","-6,260",-17.4310
501,50100000,"-5,511","-6,278",-17.4770
502,50200000,"-5,532","-6,304",-17.5360
503,50300000,"-5,551","-6,327",-17.5950
504,50400000,"-5,561","-6,339",-17.6260
505,50500000,"-5,574","-6,355",-17.6630
506,50600000,"-5,583","-6,367",-17.6930
507,50700000,"-5,598","-6,384",-17.7340
508,50800000,"-5,612","-6,402",-17.7760
509,50900000,"-5,627","-6,420",-17.8200
510,51000000,"-5,647","-6,445",-17.8810
511,51100000,"-5,664","-6,466",-17.9340
512,51200000,"-5,675","-6,479",-17.9650
513,51300000,"-5,689","-6,496",-18.0050
514,51400000,"-5,699","-6,509",-18.0390
515,51500000,"-5,713","-6,526",-18.0820
516,51600000,"-5,730","-6,547",-18.1320
517,51700000,"-5,746","-6,567",-18.1780
518,51800000,"-5,764","-6,589",-18.2330
519,51900000,"-5,776","-6,605",-18.2710
520,52000000,"-5,791","-6,623",-18.3170
521,52100000,"-5,804","-6,639",-18.3540
522,52200000,"-5,817","-6,655",-18.3940
523,52300000,"-5,830","-6,671",-18.4350
524,52400000,"-5,845","-6,689",-18.4770
525,52500000,"-5,864","-6,714",-18.5360
526,52600000,"-5,879","-6,733",-18.5810
527,52700000,"-5,892","-6,748",-18.6180
528,52800000,"-5,901","-6,760",-18.6480
529,52900000,"-5,912","-6,774",-18.6770
530,53000000,"-5,925","-6,789",-18.7130
531,53100000,"-5,938","-6,805",-18.7550
532,53200000,"-5,953","-6,825",-18.8030
533,53300000,"-5,968","-6,844",-18.8470
534,53400000,"-5,989","-6,869",-18.9070
535,53500000,"-6,010","-6,896",-18.9710
536,53600000,"-6,019","-6,908",-19.0010
537,53700000,"-6,031","-6,923",-19.0370
538,53800000,"-6,047","-6,942",-19.0830
539,53900000,"-6,059","-6,958",-19.1210
540,54000000,"-6,073","-6,976",-19.1610
541,54100000,"-6,090","-6,997",-19.2120
542,54200000,"-6,110","-7,023",-19.2750
543,54300000,"-6,132","-7,051",-19.3410
544,54400000,"-6,138","-7,059",-19.3590
545,54500000,"-6,146","-7,068",-19.3830
546,54600000,"-6,157","-7,081",-19.4130
547,54700000,"-6,167","-7,094",-19.4440
548,54800000,"-6,181","-7,111",-19.4860
549,54900000,"-6,197","-7,132",-19.5360
550,55000000,"-6,217","-7,158",-19.5940
551,55100000,"-6,236","-7,182",-19.6480
552,55200000,"-6,250","-7,201",-19.6920
553,55300000,"-6,261","-7,215",-19.7260
554,55400000,"-6,271","-7,227",-19.7550
555,55500000,"-6,281","-7,240",-19.7850
556,55600000,"-6,293","-7,254",-19.8190
557,55700000,"-6,313","-7,280",-19.8790
558,55800000,"-6,332","-7,306",-19.9420
559,55900000,"-6,347","-7,324",-19.9840
560,56000000,"-6,362","-7,343",-20.0280
561,56100000,"-6,372","-7,356",-20.0570
562,56200000,"-6,384","-7,372",-20.0930
563,56300000,"-6,395","-7,385",-20.1260
564,56400000,"-6,412","-7,407",-20.1770
565,56500000,"-6,429","-7,430",-20.2290
566,56600000,"-6,448","-7,454",-20.2860
567,56700000,"-6,467","-7,479",-20.3420
568,56800000,"-6,477","-7,493",-20.3750
569,56900000,"-6,489","-7,508",-20.4110
570,57000000,"-6,500","-7,522",-20.4440
571,57100000,"-6,514","-7,540",-20.4840
572,57200000,"-6,527","-7,557",-20.5210
573,57300000,"-6,541","-7,575",-20.5630
574,57400000,"-6,556","-7,595",-20.6130
575,57500000,"-6,576","-7,621",-20.6710
576,57600000,"-6,589","-7,638",-20.7090
577,57700000,"-6,598","-7,650",-20.7390
578,57800000,"-6,613","-7,670",-20.7840
579,57900000,"-6,628","-7,689",-20.8290
580,58000000,"-6,641","-7,706",-20.8680
581,58100000,"-6,655","-7,725",-20.9110
582,58200000,"-6,667","-7,741",-20.9460
583,58300000,"-6,683","-7,762",-20.9950
584,58400000,"-6,698","-7,782",-21.0390
585,58500000,"-6,711","-7,799",-21.0780
586,58600000,"-6,723","-7,815",-21.1160
587,58700000,"-6,736","-7,832",-21.1550
588,58800000,"-6,751","-7,852",-21.2000
589,58900000,"-6,765","-7,870",-21.2430
590,59000000,"-6,781","-7,892",-21.2920
591,59100000,"-6,796","-7,911",-21.3350
592,59200000,"-6,808","-7,928",-21.3720
593,59300000,"-6,822","-7,946",-21.4120
594,59400000,"-6,834","-7,962",-21.4490
595,59500000,"-6,844","-7,976",-21.4790
596,59600000,"-6,856","-7,992",-21.5140
597,59700000,"-6,872","-8,013",-21.5590
598,59800000,"-6,887","-8,033",-21.6040
599,59900000,"-6,901","-8,053",-21.6500
600,60000000,"-6,919","-8,077",-21.7050
601,60100000,"-6,931","-8,093",-21.7400
602,60200000,"-6,944","-8,110",-21.7770
603,60300000,"-6,958","-8,129",-21.8200
604,60400000,"-6,979","-8,158",-21.8830
605,60500000,"-7,002","-8,189",-21.9500
606,60600000,"-7,010","-8,201",-21.9780
607,60700000,"-7,019","-8,213",-22.0060
608,60800000,"-7,031","-8,228",-22.0390
609,60900000,"-7,042","-8,243",-22.0740
610,61000000,"-7,054","-8,260",-22.1110
611,61100000,"-7,070","-8,281",-22.1600
612,61200000,"-7,086","-8,303",-22.2050
613,61300000,"-7,098","-8,321",-22.2420
614,61400000,"-7,112","-8,340",-22.2850
615,61500000,"-7,121","-8,352",-22.3110
616,61600000,"-7,130","-8,365",-22.3390
617,61700000,"-7,144","-8,383",-22.3780
618,61800000,"-7,157","-8,402",-22.4190
619,61900000,"-7,174","-8,425",-22.4690
620,62000000,"-7,192","-8,450",-22.5240
621,62100000,"-7,211","-8,476",-22.5800
622,62200000,"-7,227","-8,499",-22.6310
623,62300000,"-7,237","-8,513",-22.6630
624,62400000,"-7,245","-8,523",-22.6840
625,62500000,"-7,258","-8,541",-22.7230
626,62600000,"-7,268","-8,557",-22.7570
627,62700000,"-7,288","-8,584",-22.8150
628,62800000,"-7,306","-8,609",-22.8690
629,62900000,"-7,321","-8,631",-22.9160
630,63000000,"-7,333","-8,648",-22.9520
631,63100000,"-7,344","-8,662",-22.9840
632,63200000,"-7,355","-8,678",-23.0190
633,63300000,"-7,363","-8,691",-23.0440
634,63400000,"-7,378","-8,711",-23.0900
635,63500000,"-7,395","-8,735",-23.1410
636,63600000,"-7,412","-8,760",-23.1930
637,63700000,"-7,430","-8,785",-23.2470
638,63800000,"-7,443","-8,803",-23.2850
639,63900000,"-7,457","-8,824",-23.3290
640,64000000,"-7,465","-8,835",-23.3530
641,64100000,"-7,478","-8,853",-23.3900
642,64200000,"-7,490","-8,871",-23.4270
643,64300000,"-7,503","-8,890",-23.4660
644,64400000,"-7,516","-8,909",-23.5070
645,64500000,"-7,530","-8,929",-23.5500
646,64600000,"-7,546","-8,952",-23.5980
647,64700000,"-7,559","-8,971",-23.6350
648,64800000,"-7,569","-8,986",-23.6700
649,64900000,"-7,581","-9,003",-23.7050
650,65000000,"-7,590","-9,017",-23.7320
651,65100000,"-7,607","-9,041",-23.7840
652,65200000,"-7,626","-9,068",-23.8390
653,65300000,"-7,640","-9,090",-23.8860
654,65400000,"-7,653","-9,108",-23.9230
655,65500000,"-7,665","-9,125",-23.9590
656,65600000,"-7,675","-9,141",-23.9930
657,65700000,"-7,687","-9,158",-24.0290
658,65800000,"-7,697","-9,172",-24.0600
659,65900000,"-7,707","-9,188",-24.0900
660,66000000,"-7,725","-9,213",-24.1410
661,66100000,"-7,742","-9,240",-24.1960
662,66200000,"-7,753","-9,256",-24.2290
663,66300000,"-7,766","-9,276",-24.2680
664,66400000,"-7,777","-9,292",-24.3020
665,66500000,"-7,790","-9,311",-24.3420
666,66600000,"-7,798","-9,324",-24.3690
667,66700000,"-7,809","-9,340",-24.4010
668,66800000,"-7,833","-9,375",-24.4740
669,66900000,"-7,850","-9,400",-24.5280
670,67000000,"-7,861","-9,417",-24.5600
671,67100000,"-7,872","-9,435",-24.5960
672,67200000,"-7,883","-9,451",-24.6300
673,67300000,"-7,897","-9,472",-24.6720
674,67400000,"-7,911","-9,492",-24.7130
675,67500000,"-7,922","-9,509",-24.7480
676,67600000,"-7,932","-9,525",-24.7800
677,67700000,"-7,944","-9,544",-24.8180
678,67800000,"-7,958","-9,564",-24.8580
679,67900000,"-7,965","-9,576",-24.8840
680,68000000,"-7,979","-9,597",-24.9260
681,68100000,"-7,995","-9,621",-24.9750
682,68200000,"-8,012","-9,646",-25.0240
683,68300000,"-8,029","-9,673",-25.0780
684,68400000,"-8,037","-9,685",-25.1030
685,68500000,"-8,049","-9,704",-25.1390
686,68600000,"-8,062","-9,724",-25.1780
687,68700000,"-8,077","-9,747",-25.2230
688,68800000,"-8,087","-9,763",-25.2530
689,68900000,"-8,099","-9,782",-25.2900
690,69000000,"-8,114","-9,804",-25.3340
691,69100000,"-8,129","-9,828",-25.3810
692,69200000,"-8,144","-9,851",-25.4280
693,69300000,"-8,152","-9,864",-25.4530
694,69400000,"-8,158","-9,874",-25.4730
695,69500000,"-8,170","-9,893",-25.5110
696,69600000,"-8,184","-9,915",-25.5520
697,69700000,"-8,199","-9,939",-25.5990
698,69800000,"-8,214","-9,963",-25.6450
699,69900000,"-8,228","-9,984",-25.6860
700,70000000,"-8,242","-10,006",-25.7290
701,70100000,"-8,253","-10,024",-25.7640
702,70200000,"-8,264","-10,042",-25.8000
703,70300000,"-8,275","-10,060",-25.8340
704,70400000,"-8,287","-10,079",-25.8720
705,70500000,"-8,307","-10,109",-25.9310
706,70600000,"-8,321","-10,133",-25.9740
707,70700000,"-8,332","-10,150",-26.0080
708,70800000,"-8,346","-10,172",-26.0500
709,70900000,"-8,355","-10,188",-26.0800
710,71000000,"-8,363","-10,201",-26.1050
711,71100000,"-8,371","-10,214",-26.1310
712,71200000,"-8,384","-10,234",-26.1680
713,71300000,"-8,397","-10,257",-26.2100
714,71400000,"-8,416","-10,287",-26.2670
715,71500000,"-8,432","-10,314",-26.3180
716,71600000,"-8,445","-10,335",-26.3590
717,71700000,"-8,457","-10,356",-26.3990
718,71800000,"-8,465","-10,369",-26.4230
719,71900000,"-8,472","-10,381",-26.4440
720,72000000,"-8,485","-10,402",-26.4840
721,72100000,"-8,497","-10,423",-26.5230
722,72200000,"-8,510","-10,444",-26.5650
723,72300000,"-8,529","-10,474",-26.6220
724,72400000,"-8,544","-10,498",-26.6630
725,72500000,"-8,549","-10,509",-26.6840
726,72600000,"-8,559","-10,525",-26.7140
727,72700000,"-8,569","-10,541",-26.7470
728,72800000,"-8,578","-10,557",-26.7770
729,72900000,"-8,589","-10,577",-26.8130
730,73000000,"-8,608","-10,606",-26.8680
731,73100000,"-8,629","-10,641",-26.9320
732,73200000,"-8,639","-10,660",-26.9670
733,73300000,"-8,649","-10,677",-26.9990
734,73400000,"-8,656","-10,689",-27.0210
735,73500000,"-8,669","-10,710",-27.0600
736,73600000,"-8,678","-10,727",-27.0890
737,73700000,"-8,693","-10,751",-27.1330
738,73800000,"-8,704","-10,772",-27.1670
739,73900000,"-8,719","-10,796",-27.2140
740,74000000,"-8,730","-10,816",-27.2500
741,74100000,"-8,739","-10,832",-27.2790
742,74200000,"-8,750","-10,852",-27.3160
743,74300000,"-8,763","-10,874",-27.3550
744,74400000,"-8,775","-10,895",-27.3910
745,74500000,"-8,787","-10,916",-27.4320
746,74600000,"-8,802","-10,942",-27.4770
747,74700000,"-8,813","-10,961",-27.5140
748,74800000,"-8,824","-10,981",-27.5480
749,74900000,"-8,840","-11,007",-27.5930
750,75000000,"-8,852","-11,029",-27.6340
751,75100000,"-8,862","-11,047",-27.6670
752,75200000,"-8,874","-11,069",-27.7050
753,75300000,"-8,883","-11,084",-27.7320
754,75400000,"-8,891","-11,100",-27.7620
755,75500000,"-8,908","-11,128",-27.8110
756,75600000,"-8,920","-11,151",-27.8490
757,75700000,"-8,927","-11,164",-27.8720
758,75800000,"-8,939","-11,185",-27.9110
759,75900000,"-8,951","-11,207",-27.9490
760,76000000,"-8,965","-11,232",-27.9930
761,76100000,"-8,976","-11,254",-28.0290
762,76200000,"-8,984","-11,271",-28.0560
763,76300000,"-8,996","-11,292",-28.0960
764,76400000,"-9,014","-11,323",-28.1510
765,76500000,"-9,022","-11,340",-28.1800
766,76600000,"-9,030","-11,354",-28.2050
767,76700000,"-9,045","-11,382",-28.2540
768,76800000,"-9,056","-11,404",-28.2910
769,76900000,"-9,066","-11,422",-28.3220
770,77000000,"-9,077","-11,442",-28.3570
771,77100000,"-9,088","-11,464",-28.3950
772,77200000,"-9,097","-11,481",-28.4240
773,77300000,"-9,106","-11,499",-28.4530
774,77400000,"-9,116","-11,519",-28.4890
775,77500000,"-9,129","-11,542",-28.5280
776,77600000,"-9,142","-11,567",-28.5700
777,77700000,"-9,159","-11,599",-28.6240
778,77800000,"-9,178","-11,632",-28.6830
779,77900000,"-9,184","-11,647",-28.7100
780,78000000,"-9,191","-11,661",-28.7300
781,78100000,"-9,196","-11,674",-28.7520
782,78200000,"-9,204","-11,689",-28.7760
783,78300000,"-9,215","-11,710",-28.8120
784,78400000,"-9,226","-11,733",-28.8520
785,78500000,"-9,241","-11,763",-28.9020
786,78600000,"-9,256","-11,793",-28.9500
787,78700000,"-9,262","-11,807",-28.9710
788,78800000,"-9,267","-11,820",-28.9920
789,78900000,"-9,274","-11,834",-29.0120
790,79000000,"-9,284","-11,853",-29.0430
791,79100000,"-9,295","-11,876",-29.0810
792,79200000,"-9,307","-11,900",-29.1200
793,79300000,"-9,330","-11,942",-29.1910
794,79400000,"-9,346","-11,975",-29.2440
795,79500000,"-9,351","-11,988",-29.2650
796,79600000,"-9,359","-12,004",-29.2900
797,79700000,"-9,366","-12,019",-29.3160
798,79800000,"-9,373","-12,036",-29.3430
799,79900000,"-9,386","-12,062",-29.3860
800,80000000,"-9,396","-12,084",-29.4210
801,80100000,"-9,408","-12,108",-29.4570
802,80200000,"-9,420","-12,133",-29.4960
803,80300000,"-9,426","-12,149",-29.5200
804,80400000,"-9,432","-12,163",-29.5440
805,80500000,"-9,436","-12,175",-29.5630
806,80600000,"-9,443","-12,191",-29.5900
807,80700000,"-9,454","-12,213",-29.6240
808,80800000,"-9,469","-12,244",-29.6740
809,80900000,"-9,488","-12,283",-29.7310
810,81000000,"-9,498","-12,306",-29.7670
811,81100000,"-9,510","-12,333",-29.8110
812,81200000,"-9,523","-12,361",-29.8540
813,81300000,"-9,529","-12,376",-29.8770
814,81400000,"-9,536","-12,393",-29.9010
815,81500000,"-9,545","-12,413",-29.9300
816,81600000,"-9,557","-12,439",-29.9730
817,81700000,"-9,567","-12,462",-30.0080
818,81800000,"-9,580","-12,490",-30.0530
819,81900000,"-9,593","-12,520",-30.0990
820,82000000,"-9,599","-12,536",-30.1230
821,82100000,"-9,607","-12,555",-30.1540
822,82200000,"-9,610","-12,568",-30.1700
823,82300000,"-9,620","-12,590",-30.2020
824,82400000,"-9,628","-12,609",-30.2320
825,82500000,"-9,645","-12,646",-30.2900
826,82600000,"-9,659","-12,679",-30.3400
827,82700000,"-9,667","-12,699",-30.3660
828,82800000,"-9,676","-12,721",-30.3980
829,82900000,"-9,683","-12,742",-30.4300
830,83000000,"-9,692","-12,764",-30.4640
831,83100000,"-9,697","-12,780",-30.4860
832,83200000,"-9,704","-12,798",-30.5130
833,83300000,"-9,715","-12,823",-30.5510
834,83400000,"-9,730","-12,859",-30.6030
835,83500000,"-9,741","-12,888",-30.6450
836,83600000,"-9,741","-12,895",-30.6520
837,83700000,"-9,751","-12,919",-30.6880
838,83800000,"-9,757","-12,940",-30.7170
839,83900000,"-9,766","-12,964",-30.7520
840,84000000,"-9,778","-12,995",-30.7950
841,84100000,"-9,786","-13,018",-30.8270
842,84200000,"-9,798","-13,048",-30.8690
843,84300000,"-9,808","-13,076",-30.9050
844,84400000,"-9,815","-13,097",-30.9350
845,84500000,"-9,822","-13,119",-30.9680
846,84600000,"-9,832","-13,145",-31.0030
847,84700000,"-9,841","-13,172",-31.0430
848,84800000,"-9,849","-13,194",-31.0730
849,84900000,"-9,855","-13,213",-31.0990
850,85000000,"-9,861","-13,235",-31.1270
851,85100000,"-9,867","-13,255",-31.1530
852,85200000,"-9,873","-13,273",-31.1790
853,85300000,"-9,882","-13,299",-31.2140
854,85400000,"-9,891","-13,326",-31.2510
855,85500000,"-9,902","-13,357",-31.2940
856,85600000,"-9,913","-13,388",-31.3350
857,85700000,"-9,921","-13,414",-31.3700
858,85800000,"-9,928","-13,438",-31.4030
859,85900000,"-9,936","-13,464",-31.4400
860,86000000,"-9,942","-13,484",-31.4650
861,86100000,"-9,949","-13,510",-31.5000
862,86200000,"-9,958","-13,537",-31.5360
863,86300000,"-9,967","-13,565",-31.5730
864,86400000,"-9,973","-13,587",-31.6000
865,86500000,"-9,978","-13,608",-31.6260
866,86600000,"-9,982","-13,627",-31.6520
867,86700000,"-9,987","-13,647",-31.6760
868,86800000,"-9,991","-13,666",-31.6990
869,86900000,"-10,004","-13,701",-31.7470
870,87000000,"-9,999","-13,706",-31.7450
871,87100000,"-10,042","-13,803",-31.8860
872,87200000,"-9,981","-13,709",-31.7270
873,87300000,"-10,132","-14,001",-32.1840
874,87400000,"-9,353","-12,573",-29.9590
875,87500000,"-8,446","-10,917",-27.2510
876,87600000,"-8,500","-11,020",-27.3900
877,87700000,"-8,378","-10,803",-27.0330
878,87800000,"-8,346","-10,755",-26.9390
879,87900000,"-8,284","-10,648",-26.7520
880,88000000,"-8,257","-10,599",-26.6620
881,88100000,"-8,245","-10,574",-26.6210
882,88200000,"-8,234","-10,553",-26.5850
883,88300000,"-8,229","-10,541",-26.5640
884,88400000,"-8,230","-10,540",-26.5610
885,88500000,"-8,230","-10,538",-26.5610
886,88600000,"-8,235","-10,544",-26.5740
887,88700000,"-8,241","-10,551",-26.5880
888,88800000,"-8,251","-10,565",-26.6160
889,88900000,"-8,255","-10,570",-26.6230
890,89000000,"-8,256","-10,569",-26.6220
891,89100000,"-8,250","-10,562",-26.6110
892,89200000,"-8,244","-10,553",-26.5930
893,89300000,"-8,247","-10,556",-26.6000
894,89400000,"-8,252","-10,563",-26.6120
895,89500000,"-8,260","-10,574",-26.6340
896,89600000,"-8,267","-10,583",-26.6510
897,89700000,"-8,276","-10,597",-26.6770
898,89800000,"-8,279","-10,600",-26.6800
899,89900000,"-8,282","-10,603",-26.6900
900,90000000,"-8,285","-10,608",-26.6990
901,90100000,"-8,291","-10,616",-26.7130
902,90200000,"-8,301","-10,629",-26.7390
903,90300000,"-8,318","-10,657",-26.7910
904,90400000,"-8,330","-10,673",-26.8220
905,90500000,"-8,339","-10,687",-26.8490
906,90600000,"-8,349","-10,700",-26.8750
907,90700000,"-8,356","-10,710",-26.8920
908,90800000,"-8,365","-10,723",-26.9160
909,90900000,"-8,374","-10,737",-26.9430
910,91000000,"-8,387","-10,755",-26.9780
911,91100000,"-8,400","-10,776",-27.0160
912,91200000,"-8,414","-10,796",-27.0540
913,91300000,"-8,423","-10,809",-27.0790
914,91400000,"-8,432","-10,822",-27.1020
915,91500000,"-8,441","-10,835",-27.1240
916,91600000,"-8,450","-10,850",-27.1480
917,91700000,"-8,462","-10,867",-27.1790
918,91800000,"-8,472","-10,883",-27.2100
919,91900000,"-8,483","-10,901",-27.2440
920,92000000,"-8,489","-10,911",-27.2630
921,92100000,"-8,488","-10,913",-27.2620
922,92200000,"-8,486","-10,914",-27.2620
923,92300000,"-8,485","-10,914",-27.2610
924,92400000,"-8,486","-10,917",-27.2640
925,92500000,"-8,486","-10,920",-27.2690
926,92600000,"-8,483","-10,917",-27.2620
927,92700000,"-8,484","-10,920",-27.2650
928,92800000,"-8,489","-10,927",-27.2810
929,92900000,"-8,492","-10,934",-27.2910
930,93000000,"-8,494","-10,937",-27.2960
931,93100000,"-8,496","-10,941",-27.3040
932,93200000,"-8,501","-10,950",-27.3190
933,93300000,"-8,514","-10,969",-27.3540
934,93400000,"-8,521","-10,982",-27.3760
935,93500000,"-8,524","-10,986",-27.3820
936,93600000,"-8,530","-10,997",-27.4010
937,93700000,"-8,540","-11,012",-27.4300
938,93800000,"-8,546","-11,023",-27.4500
939,93900000,"-8,551","-11,030",-27.4630
940,94000000,"-8,558","-11,041",-27.4820
941,94100000,"-8,568","-11,058",-27.5120
942,94200000,"-8,577","-11,072",-27.5380
943,94300000,"-8,581","-11,079",-27.5480
944,94400000,"-8,585","-11,085",-27.5580
945,94500000,"-8,589","-11,092",-27.5710
946,94600000,"-8,594","-11,100",-27.5830
947,94700000,"-8,599","-11,109",-27.6000
948,94800000,"-8,588","-11,094",-27.5710
949,94900000,"-8,574","-11,071",-27.5310
950,95000000,"-8,564","-11,056",-27.5050
951,95100000,"-8,553","-11,040",-27.4750
952,95200000,"-8,547","-11,031",-27.4590
953,95300000,"-8,538","-11,018",-27.4330
954,95400000,"-8,526","-11,001",-27.4000
955,95500000,"-8,519","-10,991",-27.3810
956,95600000,"-8,512","-10,980",-27.3600
957,95700000,"-8,503","-10,968",-27.3400
958,95800000,"-8,496","-10,957",-27.3200
959,95900000,"-8,489","-10,946",-27.3000
960,96000000,"-8,482","-10,937",-27.2820
961,96100000,"-8,476","-10,929",-27.2660
962,96200000,"-8,470","-10,919",-27.2480
963,96300000,"-8,464","-10,909",-27.2310
964,96400000,"-8,458","-10,902",-27.2180
965,96500000,"-8,452","-10,892",-27.1970
966,96600000,"-8,447","-10,884",-27.1830
967,96700000,"-8,442","-10,878",-27.1710
968,96800000,"-8,435","-10,868",-27.1480
969,96900000,"-8,431","-10,862",-27.1410
970,97000000,"-8,428","-10,858",-27.1350
971,97100000,"-8,424","-10,852",-27.1250
972,97200000,"-8,419","-10,844",-27.1100
973,97300000,"-8,415","-10,839",-27.1030
974,97400000,"-8,411","-10,833",-27.0890
975,97500000,"-8,407","-10,826",-27.0780
